id_EXIST,text,target,description_trial1,label_trial1,path_video,description_trial3,label_trial3,description,label,analysis,probability
220209,"married 3 times! well it's a one for the money. an 80-year-old lady was marrying for the 4th time. she was asked about her first 3 husbands and what they did for a living. she replied, ""my first husband was a banker, then i married a circus ringmaster, and next was a preacher. now, in my 80s, i am marrying a funeral director."" when asked why the men had such diverse careers, she explained, ""i married one for the money, 2 for the show, and 3 to get ready and to live.""  well, you can burn my house, steal my car, drink my liquor from an old fruit jar, or do anything that you want.",1.0,"The video displays a text-based joke about an 80-year-old woman explaining her four marriages, with one of her stated reasons being ""for the money,"" which relies on a stereotype about women.",YES,videos/6911261711215430914.mp4,"The video displays a text-based joke about an 80-year-old woman explaining her four marriages with a rhyming, pragmatic rationale (money, show, get ready, go), with the video itself simply presenting the joke without additional commentary or explicit endorsement of any stereotypes within it.",NO,"The Skeptic Agent's identification of the underlying stereotype is crucial. While the Optimist Agent correctly notes the video's lack of explicit endorsement, the video still presents a joke that relies on and thus perpetuates a harmful gender stereotype. The act of presenting this joke, without countervailing context, is the primary consideration.",YES,"1. How the video content aligns with or deviates from the definition: The video displays a text-based joke where an 80-year-old woman explains her marriages, stating for her first (a banker), ""I married one for the money."" This directly invokes the harmful gender stereotype of women as 'gold diggers' or marrying primarily for financial gain. The guidelines state a video exhibits sexist content if it ""promotes, normalizes, perpetuates, or glorifies harmful gender stereotypes."" By presenting a joke that uses this stereotype as a core element, the video perpetuates it. The stereotype is demeaning to women, reducing their motivations in relationships to financial gain, which contributes to negative societal perceptions.

2. Critique, Satire, or Condemnation: The video is not attempting to critique, satirize, or condemn sexism. It is simply presenting a joke for entertainment. The joke itself uses a harmful stereotype for its humorous effect. There is no countervailing context within the video to challenge or reframe the stereotype; the joke is presented at face value. Therefore, the sexist element (the stereotype) stands unchallenged and is thus perpetuated by the video.

3. Justification by Agent Comparison: The Skeptic Agent identifies the core issue: ""The video displays a text-based joke... with one of her stated reasons being 'for the money,' which relies on a stereotype about women."" This is accurate. The Optimist Agent states the video ""simply presenting the joke without additional commentary or explicit endorsement of any stereotypes within it."" While true that the video creator adds no explicit commentary, the act of selecting and publishing this specific joke, which inherently contains and relies upon a harmful gender stereotype, constitutes perpetuation of that stereotype. The guideline ""ground truth often prioritizes the *impact of the sexist elements presented*"" supports this; the impact here is the reinforcement/perpetuation of a demeaning stereotype about women. The other parts of the joke (""two for the show, three to get ready, four to go"") form a clever rhyme but do not mitigate the sexist nature of the first part; rather, the familiar stereotype is used as a foundational element of the joke's structure. The fact that the audio track (unrelated song lyrics) coincidentally includes the phrase ""one for the money"" doesn't alter the sexist nature of the displayed joke text itself.",0.7
220374,"with melissa mork  stitch this with the stupidest thing a man has ever mansplained to you. i'll go first.  stitch this with the stupidest thing a man has ever mansplained to you. when i was in high school, a good friend caused her own death by carbon monoxide poisoning. when i was in college, my mother was killed in a car crash and my dad died of a broken heart shortly after. i had a series of reproductive losses by miscarriage. i had a good friend cause her own death by gunshot. another died from an aneurysm, a third to breast cancer, another to stroke, and of course there's been heart attacks. my brother-in-law died of covid and my husband died three years ago of lung cancer. my master's thesis is on grief and bereavement. i've written a book. my doctorate is in clinical psychology. and yet a man told me i didn't really understand grief, and he explained it to me. who was he lost in his own life? his dog died when he was 12.",1.0,"A woman shares a personal story of being mansplained about grief by a man, despite her extensive personal losses and professional qualifications in the field.",YES,videos/6956669207157148934.mp4,"The video features a woman recounting an instance where a man, with significantly less experience, condescendingly explained grief to her, despite her profound personal losses and extensive professional expertise on the subject; the video frames this as an example of 'mansplaining' and a frustrating, absurd experience.",NO,The Optimist Agent's description provides more crucial insights because it correctly identifies the video's framing: the woman is recounting an instance of mansplaining to highlight its absurdity and frustrating nature. This framing as a critique is essential to determining if the video *exhibits* sexism or *condemns* it. The Skeptic Agent accurately describes the event recounted but misses this critical aspect of the video's intent and presentation.,NO,"1. The video describes an instance of mansplaining, a behavior rooted in sexist power dynamics and stereotypes. However, the video itself does not *exhibit* sexist content. Instead, it recounts a personal story to critique and condemn mansplaining. The speaker details her profound personal losses and extensive professional qualifications in grief and bereavement, contrasting them with the minimal experience of a man who presumed to explain grief to her. This stark contrast serves to highlight the absurdity and condescension inherent in the man's actions. The video does not promote or normalize harmful gender stereotypes; rather, it exposes an instance where such dynamics were at play, inviting viewers to recognize and reject such behavior.

2. The video is explicitly framed as a critique. The initial prompt for the TikTok stitch is ""stitch this with the stupidest thing a man has ever mansplained to you."" This sets a clear condemnatory context. The speaker's narrative and tone reinforce this critique. The depiction of the sexist act (the mansplaining) is a brief recounting used to illustrate the point; it is not gratuitous, excessively detailed, or presented in a way that overshadows the critique. The focus is on the speaker's credentials and the mansplainer's lack thereof, making the critique highly effective and unambiguous. The potential for misinterpretation is very low; the video is clearly intended to empower those who have experienced mansplaining and educate others about its problematic nature. The ""Severity of Depicted Sexism"" clause is not met because while the *act* of mansplaining described was egregious, the video's *recounting* of it is in service of a clear critique and does not dwell on the harmful act in a way that would risk normalizing it or causing undue offense beyond what's inherent in discussing such a topic critically.

3. The Optimist Agent correctly notes that the video frames the experience as an example of 'mansplaining' and a frustrating, absurd experience. This aligns with my assessment that the video is a critique. The Skeptic Agent accurately states that a woman shares a story of being mansplained, but this description alone doesn't capture the video's overall anti-sexist stance achieved through its critical framing. The video uses the description of a sexist act to make an anti-sexist point. Therefore, while the *subject matter* involves sexism, the video *itself* does not exhibit sexism; it actively works against it.",0.95
220170," stepmom, your life is a disaster. you're just like your mom, a fucking bitch.  okay that's not a fucking stage, i just wanna feel okay, okay motherfucker, now you got my attention",1.0,"A young woman uses a filter to portray a step-mother delivering escalating insults, culminating in a misogynistic slur comparing her to her mother.",YES,videos/6896249977417370881.mp4,"The video shows a young woman lip-syncing to a song, with on-screen text attributing insulting and misogynistic comments (e.g., ""youre just like your mom, a fu*king b!tch"") to her ""step-mom,"" framing these comments as something negative she has experienced rather than a viewpoint endorsed by the video itself.",NO,ERROR,ERROR,ERROR,ERROR
220187,"in the kitchen where i belong 1. clean the previously detected text by removing repetitions, leaving the text concise and essential, very clean and completely legible in english with all the information.  my husband let me sleep in today. he punched me in the face at 5 a.m. and said, get up, you ugly bitch. i'm so grateful that i had the extra sleep. i walked past him and i saw him strangling the family dog. at first i was upset, then i remembered my grandma used to always tell me, which is everything he does is my fault. so i made him the sandwich to apologize.",1.0,The video features a voiceover sarcastically describing domestic abuse and victim-blaming while showing someone preparing a sandwich.,YES,videos/6903561363256380674.mp4,"The video shows a person preparing a sandwich while narrating a disturbing story about their abusive husband and their internalized blame, presented in a deadpan, satirical tone that critiques rather than endorses the depicted abuse and sexist language.",NO,"The Skeptic Agent's description, focusing on the video 'describing domestic abuse and victim-blaming,' is more crucial for the final decision. While the Optimist Agent correctly identifies the satirical tone and critical intent, the Skeptic's focus on the *content being described* directly aligns with the guideline concerning the 'Severity of Depicted Sexism.' The raw and impactful nature of the described abuse and misogynistic language, even if intended as satire, means the video *exhibits* these elements in a manner that can be deeply offensive or misconstrued, potentially overshadowing the critique for a segment of the audience.",YES,"1.  **Alignment with 'Exhibits Sexist Content' Definition:**
The video transcript explicitly details severe gender-based discrimination and inequality: 'he punched me in the face at 5 a.m. and said, get up, you ugly bitch.' This is a direct description of physical abuse and misogynistic verbal abuse. It also portrays harmful gender dynamics through the narrator's satirically presented internalized victim-blaming ('everything he does is my fault. so i made him the sandwich to apologize'). While the intent is satirical critique, the video *exhibits* these sexist acts and statements through direct narration.
The 'Severity of Depicted Sexism' guideline is highly relevant: 'Content may be classified as 'exhibiting sexist content' due to the sheer presence, severity, explicitness... of sexist acts or speech.' The described acts (punching) and speech ('ugly bitch') are severe and explicit. The impact of these descriptions can be significant, regardless of satirical intent, potentially being traumatic or deeply offensive for viewers.

2.  **Critique/Satire Handling:**
The video employs a deadpan, sarcastic tone to satirize domestic abuse and the normalization of victim-blaming. The critique is embedded in the shocking juxtaposition of the horrific events and the narrator's disturbingly calm, 'grateful,' and apologetic response.
However, the critique's effectiveness in preventing the video itself from being classified as sexist is questionable due to the severity of the content. The explicit descriptions of violence and sexist slurs are highly impactful. For some viewers, especially those with personal experiences of abuse, the satirical layer might not negate the trauma or offense caused by the direct depiction. The video 'depicts gender-based discrimination/inequality without sufficient countervailing context *within the video itself*'; a satirical tone alone may not be 'sufficient' when the described actions are so severe. The guideline notes that critique can still be sexist if 'the sexist elements being critiqued are presented in a ... highly impactful... way that might overshadow... the critique' or if the 'critique or satirical intent is... easily missed or misinterpreted by a general audience.' Given the directness of the abusive language and actions described, this risk is significant.

3.  **Comparison of Agent Analyses:**
    *   The **Skeptic Agent's** prediction of YES and description ('features a voiceover sarcastically describing domestic abuse and victim-blaming') captures the core issue: the video *describes* severe sexist acts and attitudes. The 'sarcastically' acknowledges the tone but rightly points out that the problematic content is central. This aligns with the 'Severity of Depicted Sexism' guideline, where the nature of the depiction itself is problematic due to its explicitness and potential impact.
    *   The **Optimist Agent's** prediction of NO and description ('deadpan, satirical tone that critiques rather than endorses') focuses on the creator's likely intent and the mechanism of satire. While the satirical intent is evident, this perspective may underestimate the potential negative impact of the explicitly described violence and misogyny on a general audience, or how the severity of the depiction itself can meet the threshold for 'exhibiting sexist content' regardless of critical intent, as per the guidelines.
My assessment aligns more with the implications of the Skeptic Agent's description: the *content itself* (the description of abuse) is so severe and explicit that its presence, even within a satirical framework, makes the video exhibit sexist content. The Optimist's view on intent is acknowledged, but the potential impact and the sheer nature of the depicted sexism, as highlighted by the guidelines, are overriding factors.",0.85
220963," clean the above text by removing repetitions, leaving the text brief and essential, very clean and completely readable in english with all the information.  won't you be my plug, ayy? you could be the one, ayy can start with a handshake, baby i'ma need more than a hug girls can't have say they want it girls can't never say how, say how",0.0,A woman's face is shown with a 'dissolving into stardust' filter while a song plays.,NO,videos/7135308751090847022.mp4,"A woman lip-syncs to song lyrics stating 'Girls can't never say they want it. Girls can't never say yeah,' presenting this generalization about women's communication of desire directly and without any critical framing, which appears to normalize the stereotype.",YES,"The Optimist agent's description is more crucial because it accurately identifies the problematic lyrical content (even with a minor misquote of 'yeah' instead of 'how', the core meaning is similar) and its uncritical presentation through lip-syncing. This directly relates to the perpetuation of a harmful gender stereotype about women's communication of desire, which is central to determining if the video exhibits sexist content. The Skeptic's description is too superficial, focusing only on visuals and the presence of a song, thereby missing the core lyrical issue that makes the content problematic.",YES,"1. The video exhibits sexist content because the lyrics being lip-synced, specifically ""girls can't have say they want it girls can't never say how,"" directly promote and perpetuate a harmful gender stereotype. This stereotype suggests women are inherently unable or unwilling to clearly communicate their desires, particularly in romantic or sexual contexts. Such a stereotype can undermine women's agency, lead to misinterpretations regarding consent, and reinforce the notion that women are indirect or coy by nature. The woman in the video lip-syncing these lyrics presents them as a direct statement without any contextualization that might challenge or critique them. This aligns with the guideline: ""A video exhibits sexist content if it promotes, normalizes, perpetuates... harmful gender stereotypes.""

2. There is no evidence of critique, satire, or condemnation within the video. The Optimist agent explicitly notes the ""lack of critical framing,"" and the Skeptic's description, focused on visuals, provides no indication of any such framing. The act of lip-syncing these lyrics, without any additional context within the video to suggest otherwise, implies an endorsement or, at minimum, an uncritical performance of the stereotype. The sexist elements (the lyrics) are presented directly and form the core content being performed, making the video itself sexist due to their uncritical presentation and potential to normalize the harmful idea for a general audience.

3. The Optimist agent correctly identifies the core issue: the generalization about women's communication of desire presented ""directly and without any critical framing,"" which ""appears to normalize the stereotype."" This reasoning aligns directly with the guidelines regarding the perpetuation of harmful gender stereotypes. Although the Optimist misquoted ""yeah"" for ""how,"" the essence of the problematic stereotype (women not clearly stating their desires) is captured. In contrast, the Skeptic agent's description (""A woman's face is shown with a 'dissolving into stardust' filter while a song plays"") completely overlooks the lyrical content, which is central to the sexism. This oversight leads to their inaccurate ""NO"" prediction. The Optimist's analysis, focusing on the uncritical presentation of the stereotype embedded in the song's lyrics, is far more relevant and accurate for determining that the video exhibits sexist content according to the provided guidelines.",0.9
220312,"proud of adelaide today  white_heart  caitlinnrowe is cool, but not ife. cool boys don't make excuses for sexual assault. nothing can excuse this behavior.  take my people with me",1.0,"The video shows a street protest with people holding signs that critique misogyny, sexual assault, and advocate for women's rights and bodily autonomy.",YES,videos/6939789003738729729.mp4,"The video documents a street protest where participants carry signs condemning sexual assault, misogyny, and asserting bodily autonomy, with the video's framing appearing to document or support this anti-sexist message.",NO,"The Optimist Agent's description provides more crucial insights. It correctly identifies the video as documenting a protest condemning sexism and notes the supportive framing. This aligns with the core of the task: determining if the video *exhibits* sexism, not just if it *mentions* sexism. The Skeptic Agent's description is factually correct about the protest's themes but its implied label (YES) would misclassify a video that is clearly anti-sexist in its nature.",NO,"1. The video content, which consists of people protesting with signs like 'NOT COOL BOYS,' 'NOTHING EXCUSES SEXUAL ASSAULT,' 'CANBERRA Centre of MISOGYNY WHY?', and statements such as 'cool boys don't make excuses for sexual assault,' directly opposes the definition of 'exhibits sexist content.' It does not promote, normalize, perpetuate, or glorify harmful gender stereotypes or gender-based discrimination. Instead, it actively condemns such behaviors and systems. The video documents an effort to challenge and dismantle sexism.

2. The entire video is a documentation of a condemnation of sexism. The framing is that of a public protest where participants are explicitly voicing anti-sexist messages. This condemnation is clear, unambiguous, and effective. The 'sexist elements' (i.e., the concepts of sexual assault, misogyny) are referenced only as the targets of the protest and condemnation. There is no depiction of sexist acts themselves, and certainly not in a severe, gratuitous, or ambiguous manner that could risk misinterpretation, normalize harm, or overshadow the anti-sexist intent. The focus is on the act of protest and its messages.

3. The Optimist Agent's analysis correctly identifies that the video documents a protest condemning sexism and that the video's framing appears to support this anti-sexist message. This aligns with the guidelines because the video's content and purpose are clearly to highlight and support anti-sexist action, not to exhibit sexism itself. The Skeptic Agent accurately describes the themes of the protest signs (critiques of misogyny, etc.) but its prediction of 'YES' implies that *addressing* sexism, even to condemn it, makes a video sexist. The guidelines clarify that a video 'exhibits sexist content' if it promotes or normalizes sexism, or if a critique is handled poorly (e.g., gratuitous depiction overriding the critique). This video does not fall into those categories; it is a straightforward documentation of an anti-sexist protest and its messages.",0.98
