id_EXIST,text,target,description_trial1,label_trial1,path_video,description_trial3,label_trial3,description,label,analysis,probability,label_num
220242,"these men stay  sparkles pressed sparkles  chelsea hartisme @. clean the above text detected by removing repetitions, leaving the text concise and essential, very clean and completely readable in english with all the information   so the other day a man told me he didn't like women who are beautiful and know it. i have a sneaking suspicion the feeling's mutual, i told him. he did not like this. some women are so stuck up, he says to me. no, society's just given you the mistaken impression that women only exist if you are there to validate them. i don't know how to tell you this but we all have mirrors now and we have eyes for picking out clothes that suit us yours are not required you want to be worshipped by a goddess without having to be a god. all i hear when you say things like this is... strong women make me feel funny because i know i have nothing to offer them. and that's why women don't like you. ha ha ha ha ha ha ha ha ha.",1.0,"A woman recounts a conversation where a man expressed dislike for beautiful women who know they are beautiful, and she critiques his statement as rooted in sexism and insecurity.",YES,videos/6920327322679692545.mp4,"The video features a woman recounting and satirically critiquing a man's sexist comments about women's beauty and confidence, with the video's framing clearly opposing and mocking these sexist views.",NO,"The Optimist Agent's description provides more crucial insights. While the Skeptic Agent accurately describes the video's content (a recounting and critique of a man's sexist statement), the Optimist Agent's description better captures the *nature and framing* of that critique: 'satirically critiquing... with the video's framing clearly opposing and mocking these sexist views.' This distinction is vital because the guidelines require assessing whether a critique is clear and effective enough to prevent the video itself from being sexist, which the Optimist's description directly addresses.",NO,"1. The video content (transcript) depicts sexist statements made by a man (e.g., 'he didn't like women who are beautiful and know it,' 'some women are so stuck up'). However, the entirety of the video, narrated by the woman, is a direct, explicit, and satirical critique of these statements. She refutes his views by highlighting women's autonomy ('we all have mirrors now,' 'yours are not required') and attributing his stance to insecurity ('strong women make me feel funny because i know i have nothing to offer them'). The video does not promote, normalize, perpetuate, or glorify these sexist ideas; instead, it actively deconstructs and mocks them. The depiction of the man's sexism is immediately followed by strong countervailing context.

2. The video contains a clear and effective critique and satire of sexism. The satirical intent is evident in the woman's tone, direct address, and concluding laughter. It is highly unlikely to be missed or misinterpreted by a general audience as an endorsement of the man's views. The sexist elements (the man's quotes) are presented as the subject of the critique and do not overshadow the critique itself; rather, they are the catalyst for it. The method of critique, while a strong takedown of the man's attitude, focuses on his specific sexist behavior and perceived resultant insecurity, rather than relying on or reinforcing broader harmful sexist tropes against men as a gender. Her statements are a direct response to *his* sexism.

3. The Optimist Agent's prediction of 'NO' and its description aligns more closely with this analysis and the provided guidelines. The Optimist correctly identifies that 'the video's framing clearly opposing and mocking these sexist views' is key. The Skeptic Agent's description is factually accurate, but its 'YES' prediction would imply that any video discussing and critiquing sexism by quoting sexist remarks is inherently sexist. This is not supported by the guidelines if the critique is clear, effective, and does not itself become problematic. The video clearly frames the man's comments as sexist and dedicates its entirety to refuting and ridiculing them. Therefore, the video itself does not *exhibit sexist content*; it exhibits a *critique* of sexism.",0.95,0.0
220296," beaming_face_with_smiling_eyes  ‘school’ pentagram aa images on google  first images that show up after searching ""school [gender]"" on google images. done with the search  pentagram aa images on google  first images that show up after searching ""school [gender]"" on google images. 8 sitting on dead horse, sutton hoo, st. davids, sean preston federline. done with the search  pentagram aa images on google  first images that show up after searching ""school [gender]"" on google images. schi school, schnauzer, schnoodle, schizophrenia. done with the search  pentagram aa images on google  first images that show up after searching ""school [gender]"" on google images. school, school uniform, school clipart, school memes. done with the search  pentagram aa images on google  first images that show up after searching ""school [gender]"" on google images. school, school uniform, school clipart, school memes, school of rock. done with the search  pentagram aa images on google  first images that show up after searching ""school [gender]"" on google images. school boy, school boy cartoon, school uniform, school clipart. done with the search  pentagram aa images on google  first images that show up after searching ""school [gender]"" on google images. school boy, school boy cartoon, school uniform, school clipart, school of rock. done with the search  pentagram aa images on google  first images that show up after searching ""school [gender]"" on google images. school boy, school boy cartoon, school uniform, school clipart. done with the search  pentagram aa images on google  first images that show up after searching ""school [gender]"" on google images. school girl, school girl costume, school girl outfits, school girl clipart, school girl drawing. done with the search  pentagram aa images on google  first images that show up after searching ""school [gender]"" on google images. school girl, school girl costume, school girl outfits, school girl clipart, school girl drawing. done with the search  pentagram aa images on google  first images that show up after searching ""school [gender]"" on google images. school girl, school girl costume, school girl outfits, school girl clipart, school girl drawing. done with the search  pentagram aa images on google  first images that show up after searching ""school [gender]"" on google images  hey clown! chester, you have done it again! constantly raising the bar for the circus and doing it foolishly. i'd say i'm surprised, but i know who you are. i've seen up close and personal, i know who you are. listen here, i don't like you. i am now, oh-",1.0,"The video contrasts Google image search results for 'school boy', which shows standard images of boys in uniform, with results for 'school girl', which predominantly displays sexualized costumes and revealing outfits.",YES,videos/6935046770778967302.mp4,"The video contrasts Google Images search results for ""school boy,"" which show young boys in uniform, with ""school girl,"" which predominantly show sexualized images of adult women, implicitly critiquing this disparity through the juxtaposition.",NO,ERROR,ERROR,ERROR,ERROR,
220665,"women, why do we do this?  woman_facepalming_medium-dark_skin_tone  men and women have different thoughts.  he know damn whether that gets on my nerves. i'm gonna lay here so he can see that i'm mad and ask what's wrong. wait, he can't see my face. sit up. so when he walk in, he gonna see that i'm mad and ask what's wrong. and we gonna see if he's really concerned about what's wrong with me. what i do now? what's wrong? nothing. what's wrong? nothing. something's wrong. all you got to do is sit back and wait and see if he truly is concerned about getting to the bottom about what's wrong with you. i i leave alone then.",1.0,"The video portrays a woman's internal monologue as she strategically tries to get her male partner to inquire about her feelings by acting upset, a scenario that relies on common gender stereotypes about communication in relationships.",YES,videos/7039365996053794053.mp4,"The video humorously depicts a common relationship scenario, contrasting a woman's internal thought process of wanting her partner to intuit her anger with the man's direct questions and eventual disengagement, framed as 'Men vs. Women Thoughts'; the video presents this stereotypical dynamic for comedic effect without an apparent primary intent to demean either gender or advocate for inequality.",NO,"The Skeptic Agent's description is more crucial as it directly identifies the core issue: the video's reliance on and portrayal of 'common gender stereotypes about communication in relationships.' While the Optimist Agent also notes the 'stereotypical dynamic' and frames it as 'comedic,' the Skeptic's focus on the stereotype itself is more aligned with assessing whether sexist content is being exhibited, as per the guidelines, which prioritize the *impact and perpetuation* of stereotypes over just intent or comedic framing.",YES,"1. The video exhibits sexist content because it heavily promotes and perpetuates harmful gender stereotypes regarding communication in relationships. The woman's entire internal monologue and actions are built around the stereotype that women are indirect, expect their partners to intuit their feelings, say 'nothing' when something is wrong, and play games to test their partner's concern. The man's response (direct inquiry, then disengagement after being told 'nothing' twice) also aligns with a common stereotype of men being less inclined to engage in such emotional games. The title 'Men vs. Women Thoughts' and the initial line 'men and women have different thoughts' explicitly frame these behaviors as inherent gender differences, thus normalizing and perpetuating these stereotypes.

2. The video contains a very brief hint of self-critique with the opening line 'women, why do we do this? woman_facepalming_medium-dark_skin_tone'. However, this is immediately followed by a deep dive into enacting the stereotype from the woman's perspective. The man's eventual disengagement could be a natural consequence, but the woman's final internal monologue ('Bam! Now he knows that something's wrong. All you got to do is sit back and wait and see if he truly is concerned...') completely undermines any critical aspect. She misinterprets his departure as a sign her strategy is working and that he will eventually pursue her to find out what's wrong, which reinforces the problematic stereotype that such indirect behavior is effective or expected. The critique is therefore not clear, is heavily overshadowed by the enactment of the stereotype, and the ending reinforces the sexist idea rather than deconstructing it. The comedic effect relies on the audience recognizing these stereotypes, but it does so without effectively challenging them, thus potentially leading to their reinforcement.

3. The Skeptic Agent correctly identifies that the video 'relies on common gender stereotypes.' This is the central issue. The Optimist Agent points to the 'comedic effect' and 'no apparent primary intent to demean.' While the intent might not be to demean, the guidelines state that content can still be sexist if it perpetuates harmful stereotypes, especially if any critique is unclear or ineffective. In this case, the video spends far more time demonstrating and seemingly validating (from the woman's internal perspective at the end) the stereotype than critiquing it. The woman's final thought process shows she hasn't learned from the man's directness or disengagement; she's still operating within the stereotype. Therefore, the Skeptic Agent's reasoning about the reliance on stereotypes as the problematic element is more aligned with the provided guidelines for identifying sexist content. The video normalizes and perpetuates these potentially harmful communication stereotypes as inherent gender traits.",0.85,1.0
220186," clean the previously detected text by removing repetitions, leaving the text concise and essential, very clean and completely readable in english with all the information.  women can't lead. women can't win! there is something more dangerous in this world than a humiliated man. a nasty woman.",1.0,"A woman lip-syncs to an audio track that states ""Women can't lead. Women can't win."" and then contrasts a ""humiliated man"" with a ""nasty woman.""",YES,videos/6903507393443810562.mp4,"The video shows a woman reacting to audio of a man saying ""women can't lead, women can't win,"" and then lip-syncing to a woman's voice saying ""there is something more dangerous... a nasty woman,"" with the video's framing suggesting a rebuttal or empowered response to the initial sexist statement.",NO,ERROR,ERROR,ERROR,ERROR,
220521,"$178.00 bathing suit!? just why  thinking_face   and  made me do it  flushed_face  ""42, do you have any questions about the 42nd episode of pcos support girleeyaa? also, have you checked out mikayla nogueira's page for updates? #gfo""  what's a waist over five inches? oh my god! would you believe me if i told you this is 178 dollars. absolutely not. it's $178. no one mentions that. okay, here it is. untied. i'm a size medium for reference. i'm 165 pounds, 4'11"", and cody's gonna do the honor of pulling the strings all right oh all right he's tying it in the back. wow. do we think it worked? it's actually not. it doesn't feel tight at all. it feels pretty comfortable. it looks good, right? it does. i do look snatched, okay? ooh! one more time, here's the before, and here is the after.",0.0,"A woman tries on an expensive swimsuit designed to cinch the waist, demonstrating its effect with her partner's help.",YES,videos/6987866527894686981.mp4,"The video shows two women, primarily Mikayla Nogueira, trying on a black one-piece swimsuit with drawstrings designed to cinch the waist, expressing satisfaction with the 'snatched' look it provides; Mikayla's partner helps tie the swimsuit and reacts positively, and the video's framing is that of a product review and demonstration of its effects.",NO,"The Optimist Agent's description provides more crucial insights. It accurately identifies the presence of two women (though one is very brief and from a different creator's clip), the specific product feature (drawstrings to cinch the waist), the creator's satisfaction ('snatched' look), the partner's positive reaction, and crucially, the framing as a 'product review and demonstration.' This detailed framing is essential because the core question becomes whether a product review, in this context, can still exhibit sexist content by perpetuating gendered beauty standards, which the Optimist's description allows us to analyze more deeply than the Skeptic's very brief, factual statement.",YES,"1. The video aligns with the definition of 'exhibits sexist content' because it promotes, normalizes, and perpetuates a specific, gendered beauty stereotype: the 'snatched' or unnaturally cinched waist for women. This ideal is historically and predominantly imposed on women, and the societal pressure to conform to such narrow beauty standards can be harmful, contributing to body image issues, self-esteem problems, and the objectification of women's bodies. The video showcases a product designed to achieve this look, and Mikayla Nogueira expresses satisfaction with the result ('I do look snatched, okay?'), thereby reinforcing the desirability of this specific body modification. The initial clip referencing a 'five inches' reduction further emphasizes the potentially extreme nature of the alteration being normalized.

2. The video does not contain any critique, satire, or condemnation of the underlying beauty standard itself. Mikayla Nogueira's surprise and commentary ('$178!? just why', 'No one mentions that') are directed solely at the high price of the swimsuit. This financial critique does not extend to questioning *why* such a product exists or *why* women might feel pressure to achieve such a 'snatched' look. The framing as a product review, where the product's effectiveness in achieving the cinched waist is positively demonstrated, means the video reinforces the gendered beauty ideal rather than challenging or contextualizing it critically. The potential for misinterpretation is low regarding critique because no critique of the beauty standard is offered; instead, the standard is implicitly endorsed through the positive product demonstration.

3. The Optimist Agent correctly frames the video as a 'product review and demonstration.' However, their 'NO' prediction overlooks how such a review can still perpetuate sexist norms if the product itself and its marketed effects cater to and reinforce potentially harmful gender stereotypes. The Skeptic Agent's 'YES' prediction, while based on a very brief description, aligns with the final assessment that the video does exhibit sexist content. The video doesn't just show a swimsuit; it promotes a body-altering garment that helps women conform to a narrow, historically loaded, and gender-specific aesthetic. By positively reviewing its effectiveness in achieving this 'snatched' look without any critical discussion of the beauty standard itself, the video normalizes and perpetuates the pursuit of this ideal, fitting the provided definition of exhibiting sexist content. The lack of 'sufficient countervailing context' regarding the beauty standard is key.",0.75,1.0
